acc,TP,FP,TN,FN,precision,recall
0.6283783783783784,661,449,362,156,0.5954954954954955,0.8090575275397797
