acc,TP,FP,TN,FN,precision,recall
0.6401721014492754,1043,455,1784,1134,0.6962616822429907,0.4790996784565916
