acc,TP,FP,TN,FN,precision,recall
0.839447463768116,1738,244,1969,465,0.8768920282542886,0.7889241942805265
